timestamp_utc,node8080_hits,node8081_hits,absolute_drift,error
2026-02-11T16:04:35.0375448Z,143,482,339,
2026-02-11T16:04:42.9272322Z,731,740,9,
2026-02-11T16:04:45.0451810Z,943,945,2,
2026-02-11T16:04:47.0994540Z,1148,1150,2,
2026-02-11T16:04:49.1668729Z,1355,1357,2,
2026-02-11T16:04:51.2158116Z,1560,1561,1,
2026-02-11T16:04:53.2521638Z,1763,1765,2,
2026-02-11T16:04:55.2909237Z,1979,1980,1,
2026-02-11T16:04:57.3440602Z,2299,2301,2,
2026-02-11T16:04:59.3833925Z,2742,2743,1,
2026-02-11T16:05:01.4325415Z,3312,3323,11,
2026-02-11T16:05:03.5045155Z,4019,4048,29,
2026-02-11T16:05:05.6129626Z,4866,4884,18,
2026-02-11T16:05:07.7429361Z,5861,5878,17,
2026-02-11T16:05:09.9572317Z,7031,7156,125,
2026-02-11T16:05:12.2640602Z,8450,8493,43,
2026-02-11T16:05:14.4174783Z,9869,9880,11,
2026-02-11T16:05:16.5064470Z,11055,11092,37,
2026-02-11T16:05:18.7440915Z,12668,12716,48,
2026-02-11T16:05:21.0367114Z,14050,14304,254,
2026-02-11T16:05:24.4773092Z,16180,16198,18,
2026-02-11T16:05:26.6191496Z,18494,18520,26,
2026-02-11T16:05:28.7302994Z,21510,21570,60,
2026-02-11T16:05:30.8632899Z,,,,The operation has timed out.
2026-02-11T16:05:34.9822725Z,,,,The operation has timed out.
2026-02-11T16:05:42.0076263Z,,,,The operation has timed out.
2026-02-11T16:05:51.3972296Z,,,,The operation has timed out.
2026-02-11T16:06:01.6775376Z,,,,The operation has timed out.
2026-02-11T16:06:12.2274393Z,,,,The operation has timed out.
2026-02-11T16:06:17.1306293Z,48951,48971,20,
2026-02-11T16:06:19.1925739Z,50253,50267,14,
2026-02-11T16:06:21.2731392Z,51128,51134,6,
2026-02-11T16:06:23.3203119Z,51569,51572,3,
2026-02-11T16:06:25.3903466Z,51632,51632,0,
